1,1,2023-01-28 23:37:19
10,11,2023-01-29 00:35:02
11,12,2023-01-29 13:07:14
12,13,2023-01-29 13:13:50
13,14,2023-01-29 13:22:11
14,15,2023-01-29 13:27:47
15,16,2023-01-29 13:33:11
16,16,2023-01-29 13:33:12
17,17,2023-01-29 18:36:10
18,18,2023-01-29 18:45:52
19,19,2023-01-29 19:02:46
2,2,2023-01-28 23:43:31
20,20,2023-01-29 19:14:21
21,21,2023-01-29 19:24:22
3,2,2023-01-29 00:05:34
4,5,2023-01-28 19:52:58
5,6,2023-01-28 20:21:05
6,7,2023-01-28 23:15:40
7,8,2023-01-28 23:24:17
8,3,2023-01-29 00:15:01
8,4,2023-01-29 00:15:01
8,9,2023-01-29 00:15:01
9,10,2023-01-29 00:27:34
